{"v":"5.5.7","meta":{"g":"LottieFiles AE 0.1.20","a":"","k":"","d":"","tc":""},"fr":30,"ip":0,"op":150,"w":500,"h":500,"nm":"Pay Per Click","ddd":0,"assets":[],"layers":[{"ddd":0,"ind":2,"ty":4,"nm":"Shape Layer 1","sr":1,"ks":{"o":{"a":0,"k":100,"ix":11},"r":{"a":1,"k":[{"i":{"x":[0.64],"y":[1]},"o":{"x":[0.36],"y":[0]},"t":5,"s":[0]},{"i":{"x":[0.64],"y":[1]},"o":{"x":[0.36],"y":[0]},"t":40.72,"s":[19.844]},{"i":{"x":[0.64],"y":[1]},"o":{"x":[0.36],"y":[0]},"t":75.5,"s":[0]},{"i":{"x":[0.64],"y":[1]},"o":{"x":[0.36],"y":[0]},"t":111.22,"s":[19.844]},{"t":146,"s":[0]}],"ix":10},"p":{"a":0,"k":[254,233,0],"ix":2},"a":{"a":0,"k":[3,-16,0],"ix":1},"s":{"a":0,"k":[100,100,100],"ix":6}},"ao":0,"shapes":[{"ty":"gr","it":[{"d":1,"ty":"el","s":{"a":0,"k":[372,372],"ix":2},"p":{"a":0,"k":[0,0],"ix":3},"nm":"Ellipse Path 1","mn":"ADBE Vector Shape - Ellipse","hd":false},{"ty":"tm","s":{"a":0,"k":0,"ix":1},"e":{"a":1,"k":[{"i":{"x":[0.64],"y":[1]},"o":{"x":[0.36],"y":[0]},"t":0,"s":[46.9]},{"i":{"x":[0.64],"y":[1]},"o":{"x":[0.36],"y":[0]},"t":35.72,"s":[32.9]},{"i":{"x":[0.64],"y":[1]},"o":{"x":[0.36],"y":[0]},"t":70.5,"s":[41.9]},{"i":{"x":[0.64],"y":[1]},"o":{"x":[0.36],"y":[0]},"t":106.22,"s":[32.9]},{"t":140.0595703125,"s":[46.9]}],"ix":2},"o":{"a":0,"k":-63,"ix":3},"m":1,"ix":2,"nm":"Trim Paths 1","mn":"ADBE Vector Filter - Trim","hd":false},{"ty":"st","c":{"a":0,"k":[0.56470600203,0.843137015548,0.921568986481,1],"ix":3,"x":"var $bm_rt;\n$bm_rt = thisComp.layer('Color Control').effect('Color Control 1')('ADBE Color Control-0001');"},"o":{"a":0,"k":100,"ix":4},"w":{"a":0,"k":10,"ix":5},"lc":2,"lj":1,"ml":4,"bm":0,"nm":"Stroke 1","mn":"ADBE Vector Graphic - Stroke","hd":false},{"ty":"tr","p":{"a":0,"k":[3,-16],"ix":2},"a":{"a":0,"k":[0,0],"ix":1},"s":{"a":0,"k":[100,100],"ix":3},"r":{"a":0,"k":0,"ix":6},"o":{"a":0,"k":100,"ix":7},"sk":{"a":0,"k":0,"ix":4},"sa":{"a":0,"k":0,"ix":5},"nm":"Transform"}],"nm":"Ellipse 1","np":4,"cix":2,"bm":0,"ix":1,"mn":"ADBE Vector Group","hd":false},{"ty":"gr","it":[{"ty":"tm","s":{"a":0,"k":0,"ix":1},"e":{"a":0,"k":46.9,"ix":2},"o":{"a":0,"k":0,"ix":3},"m":1,"ix":1,"nm":"Trim Paths 1","mn":"ADBE Vector Filter - Trim","hd":false},{"ty":"tr","p":{"a":0,"k":[0,0],"ix":2},"a":{"a":0,"k":[0,0],"ix":1},"s":{"a":0,"k":[100,100],"ix":3},"r":{"a":0,"k":0,"ix":6},"o":{"a":0,"k":100,"ix":7},"sk":{"a":0,"k":0,"ix":4},"sa":{"a":0,"k":0,"ix":5},"nm":"Transform"}],"nm":"Group 1","np":1,"cix":2,"bm":0,"ix":2,"mn":"ADBE Vector Group","hd":false}],"ip":0,"op":150,"st":0,"bm":0},{"ddd":0,"ind":3,"ty":4,"nm":"Layer 20 Outlines 2","parent":2,"sr":1,"ks":{"o":{"a":0,"k":100,"ix":11},"r":{"a":0,"k":0,"ix":10},"p":{"a":0,"k":[-1,1,0],"ix":2},"a":{"a":0,"k":[22.146,22.146,0],"ix":1},"s":{"a":0,"k":[963.152,963.152,100],"ix":6}},"ao":0,"shapes":[{"ty":"gr","it":[{"ind":0,"ty":"sh","ix":1,"ks":{"a":0,"k":{"i":[[0,0],[0,0],[0,0]],"o":[[0,0],[0,0],[0,0]],"v":[[-0.425,-0.862],[-0.451,0.106],[0.151,-0.652]],"c":true},"ix":2},"nm":"Path 1","mn":"ADBE Vector Shape - Group","hd":false},{"ind":1,"ty":"sh","ix":2,"ks":{"a":0,"k":{"i":[[0.149,0],[0.055,0.02],[-0.006,0.215],[0,0],[-0.133,0.09],[-0.15,-0.054],[0,0],[-0.043,-0.154],[0.1,-0.126],[0,0]],"o":[[-0.058,0],[-0.202,-0.073],[0,0],[0.004,-0.161],[0.133,-0.09],[0,0],[0.152,0.055],[0.044,0.154],[0,0],[-0.096,0.122]],"v":[[-0.992,2.092],[-1.163,2.063],[-1.492,1.578],[-1.406,-1.583],[-1.187,-1.982],[-0.735,-2.038],[1.144,-1.355],[1.454,-1.021],[1.365,-0.574],[-0.601,1.904]],"c":true},"ix":2},"nm":"Path 2","mn":"ADBE Vector Shape - Group","hd":false},{"ty":"mm","mm":1,"nm":"Merge Paths 1","mn":"ADBE Vector Filter - Merge","hd":false},{"ty":"fl","c":{"a":0,"k":[0.008000000785,0.46699999641,0.741000007181,1],"ix":4,"x":"var $bm_rt;\n$bm_rt = thisComp.layer('Color Control').effect('Color Control 1')('ADBE Color Control-0001');"},"o":{"a":0,"k":100,"ix":5},"r":1,"bm":0,"nm":"Fill 1","mn":"ADBE Vector Graphic - Fill","hd":false},{"ty":"tr","p":{"a":0,"k":[5.259,12.657],"ix":2},"a":{"a":0,"k":[0,0],"ix":1},"s":{"a":0,"k":[100,100],"ix":3},"r":{"a":0,"k":0,"ix":6},"o":{"a":0,"k":100,"ix":7},"sk":{"a":0,"k":0,"ix":4},"sa":{"a":0,"k":0,"ix":5},"nm":"Transform"}],"nm":"Group 1","np":4,"cix":2,"bm":0,"ix":1,"mn":"ADBE Vector Group","hd":false},{"ty":"gr","it":[{"ind":0,"ty":"sh","ix":1,"ks":{"a":0,"k":{"i":[[0,0],[0,0],[0,0]],"o":[[0,0],[0,0],[0,0]],"v":[[0.983,-0.896],[-0.983,1.581],[-0.896,-1.581]],"c":true},"ix":2},"nm":"Path 1","mn":"ADBE Vector Shape - Group","hd":false},{"ty":"fl","c":{"a":0,"k":[0.008000000785,0.46699999641,0.741000007181,1],"ix":4,"x":"var $bm_rt;\n$bm_rt = thisComp.layer('Color Control').effect('Color Control 1')('ADBE Color Control-0001');"},"o":{"a":0,"k":100,"ix":5},"r":1,"bm":0,"nm":"Fill 1","mn":"ADBE Vector Graphic - Fill","hd":false},{"ty":"tr","p":{"a":0,"k":[5.25,12.67],"ix":2},"a":{"a":0,"k":[0,0],"ix":1},"s":{"a":0,"k":[100,100],"ix":3},"r":{"a":0,"k":0,"ix":6},"o":{"a":0,"k":100,"ix":7},"sk":{"a":0,"k":0,"ix":4},"sa":{"a":0,"k":0,"ix":5},"nm":"Transform"}],"nm":"Group 2","np":2,"cix":2,"bm":0,"ix":2,"mn":"ADBE Vector Group","hd":false}],"ip":0,"op":150,"st":0,"bm":0},{"ddd":0,"ind":4,"ty":4,"nm":"Layer 20 Outlines 3","sr":1,"ks":{"o":{"a":0,"k":100,"ix":11},"r":{"a":0,"k":0,"ix":10},"p":{"a":1,"k":[{"i":{"x":0.64,"y":1},"o":{"x":0.36,"y":0},"t":0,"s":[356.018,356.016,0],"to":[3,3.833,0],"ti":[0,0,0]},{"i":{"x":0.64,"y":1},"o":{"x":0.36,"y":0},"t":18.804,"s":[374.018,379.016,0],"to":[0,0,0],"ti":[3,3.833,0]},{"i":{"x":0.64,"y":0.64},"o":{"x":0.36,"y":0.36},"t":39,"s":[356.018,356.016,0],"to":[0,0,0],"ti":[0,0,0]},{"i":{"x":0.64,"y":1},"o":{"x":0.36,"y":0},"t":75,"s":[356.018,356.016,0],"to":[3,3.833,0],"ti":[0,0,0]},{"i":{"x":0.64,"y":1},"o":{"x":0.36,"y":0},"t":93.804,"s":[374.018,379.016,0],"to":[0,0,0],"ti":[3,3.833,0]},{"t":114,"s":[356.018,356.016,0]}],"ix":2},"a":{"a":0,"k":[33.154,33.154,0],"ix":1},"s":{"a":1,"k":[{"i":{"x":[0.64,0.64,0.64],"y":[1,1,1]},"o":{"x":[0.36,0.36,0.36],"y":[0,0,0]},"t":40,"s":[963.152,963.152,100]},{"i":{"x":[0.64,0.64,0.64],"y":[1,1,1]},"o":{"x":[0.36,0.36,0.36],"y":[0,0,0]},"t":53,"s":[894.152,894.152,100]},{"i":{"x":[0.64,0.64,0.64],"y":[1,1,1]},"o":{"x":[0.36,0.36,0.36],"y":[0,0,0]},"t":66,"s":[963.152,963.152,100]},{"i":{"x":[0.64,0.64,0.64],"y":[1,1,1]},"o":{"x":[0.36,0.36,0.36],"y":[0,0,0]},"t":115,"s":[963.152,963.152,100]},{"i":{"x":[0.64,0.64,0.64],"y":[1,1,1]},"o":{"x":[0.36,0.36,0.36],"y":[0,0,0]},"t":128,"s":[894.152,894.152,100]},{"t":141,"s":[963.152,963.152,100]}],"ix":6}},"ao":0,"shapes":[{"ty":"gr","it":[{"ind":0,"ty":"sh","ix":1,"ks":{"a":0,"k":{"i":[[0.256,0],[0.195,0.195],[0,0],[-0.196,0.195],[-0.196,-0.196],[0,0],[0,0],[0,0],[-0.016,0.15],[-0.127,0.082],[0,0],[0,0],[0,0],[0,0],[-0.226,-0.156],[0.156,-0.227],[0,0],[0.385,0.063],[0.108,0.377],[0,0],[-0.256,0.256],[-0.347,-0.1],[0,0],[-0.058,-0.393],[0.333,-0.215],[0,0],[0,0],[0.39,-0.391],[0,0]],"o":[[-0.256,0],[0,0],[-0.196,-0.196],[0.195,-0.196],[0,0],[0,0],[0,0],[-0.107,-0.106],[0.016,-0.15],[0,0],[0,0],[0,0],[0,0],[0.157,-0.228],[0.228,0.157],[0,0],[-0.222,0.323],[-0.386,-0.063],[0,0],[-0.1,-0.349],[0.257,-0.257],[0,0],[0.382,0.11],[0.059,0.392],[0,0],[0,0],[0.39,0.388],[0,0],[-0.195,0.195]],"v":[[5.629,10.92],[4.921,10.627],[0.355,6.061],[0.355,5.354],[1.063,5.354],[5.629,9.92],[9.872,5.678],[3.229,-0.966],[3.085,-1.372],[3.311,-1.739],[7.967,-4.751],[-9.907,-9.857],[-4.788,8.056],[-0.974,2.511],[-0.279,2.382],[-0.15,3.077],[-3.965,8.622],[-4.95,9.043],[-5.751,8.33],[-10.868,-9.584],[-10.615,-10.565],[-9.633,-10.82],[8.243,-5.713],[8.956,-4.898],[8.512,-3.912],[4.372,-1.235],[10.579,4.971],[10.579,6.385],[6.335,10.627]],"c":true},"ix":2},"nm":"Path 1","mn":"ADBE Vector Shape - Group","hd":false},{"ty":"fl","c":{"a":0,"k":[0.008000000785,0.46699999641,0.741000007181,1],"ix":4,"x":"var $bm_rt;\n$bm_rt = thisComp.layer('Color Control').effect('Color Control 1')('ADBE Color Control-0001');"},"o":{"a":0,"k":100,"ix":5},"r":1,"bm":0,"nm":"Fill 1","mn":"ADBE Vector Graphic - Fill","hd":false},{"ty":"tr","p":{"a":0,"k":[33.172,33.123],"ix":2},"a":{"a":0,"k":[0,0],"ix":1},"s":{"a":0,"k":[100,100],"ix":3},"r":{"a":0,"k":0,"ix":6},"o":{"a":0,"k":100,"ix":7},"sk":{"a":0,"k":0,"ix":4},"sa":{"a":0,"k":0,"ix":5},"nm":"Transform"}],"nm":"Group 4","np":2,"cix":2,"bm":0,"ix":1,"mn":"ADBE Vector Group","hd":false},{"ty":"gr","it":[{"ind":0,"ty":"sh","ix":1,"ks":{"a":0,"k":{"i":[[0.046,0],[0.063,0.219],[0,0],[-0.265,0.076],[-0.077,-0.265],[0,0],[0.265,-0.076]],"o":[[-0.217,0],[0,0],[-0.076,-0.265],[0.264,-0.073],[0,0],[0.076,0.266],[-0.046,0.013]],"v":[[2.012,7.572],[1.533,7.21],[-2.493,-6.882],[-2.15,-7.499],[-1.532,-7.156],[2.493,6.936],[2.15,7.553]],"c":true},"ix":2},"nm":"Path 1","mn":"ADBE Vector Shape - Group","hd":false},{"ty":"fl","c":{"a":0,"k":[1,1,1,1],"ix":4,"x":"var $bm_rt;\n$bm_rt = thisComp.layer('Color Control').effect('Color Control 5')('ADBE Color Control-0001');"},"o":{"a":0,"k":100,"ix":5},"r":1,"bm":0,"nm":"Fill 1","mn":"ADBE Vector Graphic - Fill","hd":false},{"ty":"tr","p":{"a":0,"k":[26.334,32.16],"ix":2},"a":{"a":0,"k":[0,0],"ix":1},"s":{"a":0,"k":[100,100],"ix":3},"r":{"a":0,"k":0,"ix":6},"o":{"a":0,"k":100,"ix":7},"sk":{"a":0,"k":0,"ix":4},"sa":{"a":0,"k":0,"ix":5},"nm":"Transform"}],"nm":"Group 5","np":2,"cix":2,"bm":0,"ix":2,"mn":"ADBE Vector Group","hd":false},{"ty":"gr","it":[{"ind":0,"ty":"sh","ix":1,"ks":{"a":0,"k":{"i":[[0,0],[0,0],[0,0],[0,0],[0,0],[0,0],[0,0]],"o":[[0,0],[0,0],[0,0],[0,0],[0,0],[0,0],[0,0]],"v":[[9.193,-4.951],[-10.607,-10.607],[-4.95,9.193],[-0.986,3.964],[5.657,10.607],[10.607,5.656],[3.61,-1.341]],"c":true},"ix":2},"nm":"Path 1","mn":"ADBE Vector Shape - Group","hd":false},{"ty":"fl","c":{"a":0,"k":[0.882000014361,0.961000031116,0.995999983245,1],"ix":4,"x":"var $bm_rt;\n$bm_rt = thisComp.layer('Color Control').effect('Color Control 4')('ADBE Color Control-0001');"},"o":{"a":0,"k":100,"ix":5},"r":1,"bm":0,"nm":"Fill 1","mn":"ADBE Vector Graphic - Fill","hd":false},{"ty":"tr","p":{"a":0,"k":[33.143,33.144],"ix":2},"a":{"a":0,"k":[0,0],"ix":1},"s":{"a":0,"k":[100,100],"ix":3},"r":{"a":0,"k":0,"ix":6},"o":{"a":0,"k":100,"ix":7},"sk":{"a":0,"k":0,"ix":4},"sa":{"a":0,"k":0,"ix":5},"nm":"Transform"}],"nm":"Group 6","np":2,"cix":2,"bm":0,"ix":3,"mn":"ADBE Vector Group","hd":false}],"ip":0,"op":150,"st":0,"bm":0},{"ddd":0,"ind":5,"ty":4,"nm":"Layer 20 Outlines 4","sr":1,"ks":{"o":{"a":0,"k":100,"ix":11},"r":{"a":0,"k":0,"ix":10},"p":{"a":0,"k":[255.814,231.734,0],"ix":2},"a":{"a":0,"k":[22.75,20.25,0],"ix":1},"s":{"a":1,"k":[{"i":{"x":[0.64,0.64,0.64],"y":[1,1,1]},"o":{"x":[0.36,0.36,0.36],"y":[0,0,0]},"t":10,"s":[963.152,963.152,100]},{"i":{"x":[0.64,0.64,0.64],"y":[1,1,1]},"o":{"x":[0.36,0.36,0.36],"y":[0,0,0]},"t":38.737,"s":[891.152,891.152,100]},{"i":{"x":[0.64,0.64,0.64],"y":[1,1,1]},"o":{"x":[0.36,0.36,0.36],"y":[0,0,0]},"t":67.474,"s":[978.152,978.152,100]},{"i":{"x":[0.64,0.64,0.64],"y":[1,1,1]},"o":{"x":[0.36,0.36,0.36],"y":[0,0,0]},"t":96.21,"s":[891.152,891.152,100]},{"i":{"x":[0.64,0.64,0.64],"y":[1,1,1]},"o":{"x":[0.36,0.36,0.36],"y":[0,0,0]},"t":124.947,"s":[978.152,978.152,100]},{"t":148.12109375,"s":[963.152,963.152,100]}],"ix":6}},"ao":0,"shapes":[{"ty":"gr","it":[{"ind":0,"ty":"sh","ix":1,"ks":{"a":0,"k":{"i":[[0.276,0],[0,0.276],[0,0],[-0.276,0],[0,-0.276],[0,0]],"o":[[-0.276,0],[0,0],[0,-0.276],[0.276,0],[0,0],[0,0.276]],"v":[[0,4.5],[-0.5,4],[-0.5,-4],[0,-4.5],[0.5,-4],[0.5,4]],"c":true},"ix":2},"nm":"Path 1","mn":"ADBE Vector Shape - Group","hd":false},{"ty":"fl","c":{"a":0,"k":[0.008000000785,0.46699999641,0.741000007181,1],"ix":4,"x":"var $bm_rt;\n$bm_rt = thisComp.layer('Color Control').effect('Color Control 1')('ADBE Color Control-0001');"},"o":{"a":0,"k":100,"ix":5},"r":1,"bm":0,"nm":"Fill 1","mn":"ADBE Vector Graphic - Fill","hd":false},{"ty":"tr","p":{"a":0,"k":[22.75,16.75],"ix":2},"a":{"a":0,"k":[0,0],"ix":1},"s":{"a":0,"k":[100,100],"ix":3},"r":{"a":0,"k":0,"ix":6},"o":{"a":0,"k":100,"ix":7},"sk":{"a":0,"k":0,"ix":4},"sa":{"a":0,"k":0,"ix":5},"nm":"Transform"}],"nm":"Group 7","np":2,"cix":2,"bm":0,"ix":1,"mn":"ADBE Vector Group","hd":false},{"ty":"gr","it":[{"ind":0,"ty":"sh","ix":1,"ks":{"a":0,"k":{"i":[[0.066,0],[0.082,0.19],[1.242,0.178],[0,2.686],[-2.221,0],[-0.694,-1.054],[0.231,-0.151],[0.152,0.232],[1.009,0],[0,-1.309],[-1.698,-0.244],[-0.571,-1.321],[0.254,-0.109]],"o":[[-0.193,0],[-0.538,-1.243],[-1.555,-0.224],[0,-1.868],[1.353,0],[0.152,0.231],[-0.231,0.154],[-0.505,-0.765],[-1.668,0],[0,1.694],[2.238,0.32],[0.109,0.254],[-0.064,0.027]],"v":[[3.514,4.324],[3.055,4.021],[-0.319,2.126],[-4.082,-1.1],[-0.248,-4.324],[2.836,-2.735],[2.693,-2.043],[2.001,-2.186],[-0.248,-3.324],[-3.082,-1.1],[-0.271,1.123],[3.973,3.625],[3.712,4.283]],"c":true},"ix":2},"nm":"Path 1","mn":"ADBE Vector Shape - Group","hd":false},{"ty":"fl","c":{"a":0,"k":[0.008000000785,0.46699999641,0.741000007181,1],"ix":4,"x":"var $bm_rt;\n$bm_rt = thisComp.layer('Color Control').effect('Color Control 1')('ADBE Color Control-0001');"},"o":{"a":0,"k":100,"ix":5},"r":1,"bm":0,"nm":"Fill 1","mn":"ADBE Vector Graphic - Fill","hd":false},{"ty":"tr","p":{"a":0,"k":[22.998,17.938],"ix":2},"a":{"a":0,"k":[0,0],"ix":1},"s":{"a":0,"k":[100,100],"ix":3},"r":{"a":0,"k":0,"ix":6},"o":{"a":0,"k":100,"ix":7},"sk":{"a":0,"k":0,"ix":4},"sa":{"a":0,"k":0,"ix":5},"nm":"Transform"}],"nm":"Group 8","np":2,"cix":2,"bm":0,"ix":2,"mn":"ADBE Vector Group","hd":false},{"ty":"gr","it":[{"ind":0,"ty":"sh","ix":1,"ks":{"a":0,"k":{"i":[[0.243,0],[0.026,0.004],[0,1.599],[-0.276,0],[0,-0.277],[-1.563,-0.237],[0.041,-0.273]],"o":[[-0.025,0],[-2.055,-0.311],[0,-0.277],[0.276,0],[0,1.093],[0.273,0.041],[-0.038,0.248]],"v":[[1.462,1.826],[1.386,1.82],[-1.997,-1.326],[-1.497,-1.826],[-0.997,-1.326],[1.537,0.832],[1.956,1.401]],"c":true},"ix":2},"nm":"Path 1","mn":"ADBE Vector Shape - Group","hd":false},{"ty":"fl","c":{"a":0,"k":[0.008000000785,0.46699999641,0.741000007181,1],"ix":4,"x":"var $bm_rt;\n$bm_rt = thisComp.layer('Color Control').effect('Color Control 1')('ADBE Color Control-0001');"},"o":{"a":0,"k":100,"ix":5},"r":1,"bm":0,"nm":"Fill 1","mn":"ADBE Vector Graphic - Fill","hd":false},{"ty":"tr","p":{"a":0,"k":[20.247,24.986],"ix":2},"a":{"a":0,"k":[0,0],"ix":1},"s":{"a":0,"k":[100,100],"ix":3},"r":{"a":0,"k":0,"ix":6},"o":{"a":0,"k":100,"ix":7},"sk":{"a":0,"k":0,"ix":4},"sa":{"a":0,"k":0,"ix":5},"nm":"Transform"}],"nm":"Group 9","np":2,"cix":2,"bm":0,"ix":3,"mn":"ADBE Vector Group","hd":false},{"ty":"gr","it":[{"ind":0,"ty":"sh","ix":1,"ks":{"a":0,"k":{"i":[[0.276,0],[0,5.789],[-5.79,0],[0,-5.789],[0.313,-1.007],[0.265,0.08],[-0.082,0.264],[0,0.965],[5.238,0],[0,-5.238],[-5.238,0],[0,-0.276]],"o":[[-5.79,0],[0,-5.789],[5.79,0],[0,1.064],[-0.082,0.264],[-0.264,-0.082],[0.283,-0.911],[0,-5.238],[-5.238,0],[0,5.238],[0.276,0],[0,0.276]],"v":[[0,10.5],[-10.5,0],[0,-10.5],[10.5,0],[10.028,3.122],[9.402,3.451],[9.073,2.825],[9.5,0],[0,-9.5],[-9.5,0],[0,9.5],[0.5,10]],"c":true},"ix":2},"nm":"Path 1","mn":"ADBE Vector Shape - Group","hd":false},{"ty":"fl","c":{"a":0,"k":[1,1,1,1],"ix":4,"x":"var $bm_rt;\n$bm_rt = thisComp.layer('Color Control').effect('Color Control 5')('ADBE Color Control-0001');"},"o":{"a":0,"k":100,"ix":5},"r":1,"bm":0,"nm":"Fill 1","mn":"ADBE Vector Graphic - Fill","hd":false},{"ty":"tr","p":{"a":0,"k":[22.75,20.25],"ix":2},"a":{"a":0,"k":[0,0],"ix":1},"s":{"a":0,"k":[100,100],"ix":3},"r":{"a":0,"k":0,"ix":6},"o":{"a":0,"k":100,"ix":7},"sk":{"a":0,"k":0,"ix":4},"sa":{"a":0,"k":0,"ix":5},"nm":"Transform"}],"nm":"Group 10","np":2,"cix":2,"bm":0,"ix":4,"mn":"ADBE Vector Group","hd":false},{"ty":"gr","it":[{"ind":0,"ty":"sh","ix":1,"ks":{"a":0,"k":{"i":[[0.276,0],[0,6.342],[-6.341,0],[0,-6.342],[0.303,-1.04],[0.265,0.077],[-0.077,0.266],[0,1],[5.79,0],[0,-5.789],[-5.79,0],[0,-0.276]],"o":[[-6.341,0],[0,-6.342],[6.341,0],[0,1.094],[-0.077,0.265],[-0.265,-0.078],[0.277,-0.949],[0,-5.789],[-5.79,0],[0,5.789],[0.276,0],[0,0.276]],"v":[[0,11.5],[-11.5,0],[0,-11.5],[11.5,0],[11.043,3.217],[10.424,3.558],[10.083,2.937],[10.5,0],[0,-10.5],[-10.5,0],[0,10.5],[0.5,11]],"c":true},"ix":2},"nm":"Path 1","mn":"ADBE Vector Shape - Group","hd":false},{"ty":"fl","c":{"a":0,"k":[0.008000000785,0.46699999641,0.741000007181,1],"ix":4,"x":"var $bm_rt;\n$bm_rt = thisComp.layer('Color Control').effect('Color Control 1')('ADBE Color Control-0001');"},"o":{"a":0,"k":100,"ix":5},"r":1,"bm":0,"nm":"Fill 1","mn":"ADBE Vector Graphic - Fill","hd":false},{"ty":"tr","p":{"a":0,"k":[22.75,20.25],"ix":2},"a":{"a":0,"k":[0,0],"ix":1},"s":{"a":0,"k":[100,100],"ix":3},"r":{"a":0,"k":0,"ix":6},"o":{"a":0,"k":100,"ix":7},"sk":{"a":0,"k":0,"ix":4},"sa":{"a":0,"k":0,"ix":5},"nm":"Transform"}],"nm":"Group 11","np":2,"cix":2,"bm":0,"ix":5,"mn":"ADBE Vector Group","hd":false},{"ty":"gr","it":[{"ind":0,"ty":"sh","ix":1,"ks":{"a":0,"k":{"i":[[0,-6.075],[6.075,0],[0,6.075],[-6.075,0]],"o":[[0,6.075],[-6.075,0],[0,-6.075],[6.075,0]],"v":[[11,0],[0,11],[-11,0],[0,-11]],"c":true},"ix":2},"nm":"Path 1","mn":"ADBE Vector Shape - Group","hd":false},{"ty":"fl","c":{"a":0,"k":[0.39199999641,1,0.855000035903,1],"ix":4,"x":"var $bm_rt;\n$bm_rt = thisComp.layer('Color Control').effect('Color Control 2')('ADBE Color Control-0001');"},"o":{"a":0,"k":100,"ix":5},"r":1,"bm":0,"nm":"Fill 1","mn":"ADBE Vector Graphic - Fill","hd":false},{"ty":"tr","p":{"a":0,"k":[22.75,20.25],"ix":2},"a":{"a":0,"k":[0,0],"ix":1},"s":{"a":0,"k":[100,100],"ix":3},"r":{"a":0,"k":0,"ix":6},"o":{"a":0,"k":100,"ix":7},"sk":{"a":0,"k":0,"ix":4},"sa":{"a":0,"k":0,"ix":5},"nm":"Transform"}],"nm":"Group 12","np":2,"cix":2,"bm":0,"ix":6,"mn":"ADBE Vector Group","hd":false},{"ty":"gr","it":[{"ind":0,"ty":"sh","ix":1,"ks":{"a":0,"k":{"i":[[0.348,0],[0,7.995],[-7.995,0],[0,-7.995],[0.401,-1.343],[0.267,0.079],[-0.08,0.265],[0,1.316],[7.444,0],[0,-7.443],[-7.444,0],[-0.318,0.021],[-0.019,-0.276],[0.276,-0.02]],"o":[[-7.995,0],[0,-7.995],[7.995,0],[0,1.414],[-0.08,0.265],[-0.264,-0.079],[0.373,-1.25],[0,-7.443],[-7.444,0],[0,7.443],[0.324,0],[0.284,-0.03],[0.02,0.275],[-0.342,0.025]],"v":[[0,14.5],[-14.5,0],[0,-14.5],[14.5,0],[13.896,4.155],[13.273,4.491],[12.938,3.869],[13.5,0],[0,-13.5],[-13.5,0],[0,13.5],[0.964,13.467],[1.498,13.93],[1.035,14.463]],"c":true},"ix":2},"nm":"Path 1","mn":"ADBE Vector Shape - Group","hd":false},{"ty":"fl","c":{"a":0,"k":[1,0.972999961703,0.882000014361,1],"ix":4,"x":"var $bm_rt;\n$bm_rt = thisComp.layer('Color Control').effect('Color Control 6')('ADBE Color Control-0001');"},"o":{"a":0,"k":100,"ix":5},"r":1,"bm":0,"nm":"Fill 1","mn":"ADBE Vector Graphic - Fill","hd":false},{"ty":"tr","p":{"a":0,"k":[22.75,20.25],"ix":2},"a":{"a":0,"k":[0,0],"ix":1},"s":{"a":0,"k":[100,100],"ix":3},"r":{"a":0,"k":0,"ix":6},"o":{"a":0,"k":100,"ix":7},"sk":{"a":0,"k":0,"ix":4},"sa":{"a":0,"k":0,"ix":5},"nm":"Transform"}],"nm":"Group 13","np":2,"cix":2,"bm":0,"ix":7,"mn":"ADBE Vector Group","hd":false},{"ty":"gr","it":[{"ind":0,"ty":"sh","ix":1,"ks":{"a":0,"k":{"i":[[0.346,0],[0,8.547],[-8.547,0],[0,-8.547],[0.463,-1.488],[0.264,0.083],[-0.082,0.264],[0,1.47],[7.995,0],[0,-7.995],[-7.995,0],[-0.318,0.021],[-0.018,-0.276],[0.275,-0.02]],"o":[[-8.547,0],[0,-8.547],[8.547,0],[0,1.57],[-0.082,0.263],[-0.263,-0.082],[0.433,-1.392],[0,-7.995],[-7.995,0],[0,7.995],[0.324,0],[0.269,-0.015],[0.018,0.275],[-0.341,0.021]],"v":[[0,15.5],[-15.5,0],[0,-15.5],[15.5,0],[14.803,4.609],[14.177,4.937],[13.848,4.312],[14.5,0],[0,-14.5],[-14.5,0],[0,14.5],[0.964,14.469],[1.497,14.934],[1.031,15.467]],"c":true},"ix":2},"nm":"Path 1","mn":"ADBE Vector Shape - Group","hd":false},{"ty":"fl","c":{"a":0,"k":[0.008000000785,0.46699999641,0.741000007181,1],"ix":4,"x":"var $bm_rt;\n$bm_rt = thisComp.layer('Color Control').effect('Color Control 1')('ADBE Color Control-0001');"},"o":{"a":0,"k":100,"ix":5},"r":1,"bm":0,"nm":"Fill 1","mn":"ADBE Vector Graphic - Fill","hd":false},{"ty":"tr","p":{"a":0,"k":[22.75,20.25],"ix":2},"a":{"a":0,"k":[0,0],"ix":1},"s":{"a":0,"k":[100,100],"ix":3},"r":{"a":0,"k":0,"ix":6},"o":{"a":0,"k":100,"ix":7},"sk":{"a":0,"k":0,"ix":4},"sa":{"a":0,"k":0,"ix":5},"nm":"Transform"}],"nm":"Group 14","np":2,"cix":2,"bm":0,"ix":8,"mn":"ADBE Vector Group","hd":false},{"ty":"gr","it":[{"ind":0,"ty":"sh","ix":1,"ks":{"a":0,"k":{"i":[[0,-8.284],[8.284,0],[0,8.284],[-8.284,0]],"o":[[0,8.284],[-8.284,0],[0,-8.284],[8.284,0]],"v":[[15,0],[0,15],[-15,0],[0,-15]],"c":true},"ix":2},"nm":"Path 1","mn":"ADBE Vector Shape - Group","hd":false},{"ty":"fl","c":{"a":0,"k":[1,0.898000021542,0.497999991623,1],"ix":4,"x":"var $bm_rt;\n$bm_rt = thisComp.layer('Color Control').effect('Color Control 3')('ADBE Color Control-0001');"},"o":{"a":0,"k":100,"ix":5},"r":1,"bm":0,"nm":"Fill 1","mn":"ADBE Vector Graphic - Fill","hd":false},{"ty":"tr","p":{"a":0,"k":[22.75,20.25],"ix":2},"a":{"a":0,"k":[0,0],"ix":1},"s":{"a":0,"k":[100,100],"ix":3},"r":{"a":0,"k":0,"ix":6},"o":{"a":0,"k":100,"ix":7},"sk":{"a":0,"k":0,"ix":4},"sa":{"a":0,"k":0,"ix":5},"nm":"Transform"}],"nm":"Group 15","np":2,"cix":2,"bm":0,"ix":9,"mn":"ADBE Vector Group","hd":false}],"ip":0,"op":150,"st":0,"bm":0},{"ddd":0,"ind":6,"ty":4,"nm":"Layer 20 Outlines","sr":1,"ks":{"o":{"a":0,"k":100,"ix":11},"r":{"a":0,"k":0,"ix":10},"p":{"a":0,"k":[157.091,287.115,0],"ix":2},"a":{"a":0,"k":[12.5,26,0],"ix":1},"s":{"a":1,"k":[{"i":{"x":[0.64,0.64,0.64],"y":[1,1,1]},"o":{"x":[0.36,0.36,0.36],"y":[0,0,0]},"t":1,"s":[963.152,963.152,100]},{"i":{"x":[0.64,0.64,0.64],"y":[1,1,1]},"o":{"x":[0.36,0.36,0.36],"y":[0,0,0]},"t":29.736,"s":[891.152,891.152,100]},{"i":{"x":[0.64,0.64,0.64],"y":[1,1,1]},"o":{"x":[0.36,0.36,0.36],"y":[0,0,0]},"t":58.474,"s":[978.152,978.152,100]},{"i":{"x":[0.64,0.64,0.64],"y":[1,1,1]},"o":{"x":[0.36,0.36,0.36],"y":[0,0,0]},"t":87.21,"s":[891.152,891.152,100]},{"i":{"x":[0.64,0.64,0.64],"y":[1,1,1]},"o":{"x":[0.36,0.36,0.36],"y":[0,0,0]},"t":115.946,"s":[978.152,978.152,100]},{"t":139.12109375,"s":[963.152,963.152,100]}],"ix":6}},"ao":0,"shapes":[{"ty":"gr","it":[{"ind":0,"ty":"sh","ix":1,"ks":{"a":0,"k":{"i":[[0.245,0],[0.024,0.004],[0,3.709],[-0.452,0.985],[-0.251,-0.115],[0.115,-0.251],[0,-0.945],[-3.176,-0.453],[0.039,-0.273]],"o":[[-0.023,0],[-3.666,-0.523],[0,-1.091],[0.115,-0.252],[0.251,0.115],[-0.392,0.853],[0,3.215],[0.274,0.039],[-0.036,0.25]],"v":[[2.984,5.459],[2.913,5.453],[-3.518,-1.971],[-2.837,-5.098],[-2.173,-5.344],[-1.928,-4.681],[-2.518,-1.971],[3.053,4.463],[3.479,5.029]],"c":true},"ix":2},"nm":"Path 1","mn":"ADBE Vector Shape - Group","hd":false},{"ty":"fl","c":{"a":0,"k":[1,1,1,1],"ix":4,"x":"var $bm_rt;\n$bm_rt = thisComp.layer('Color Control').effect('Color Control 5')('ADBE Color Control-0001');"},"o":{"a":0,"k":100,"ix":5},"r":1,"bm":0,"nm":"Fill 1","mn":"ADBE Vector Graphic - Fill","hd":false},{"ty":"tr","p":{"a":0,"k":[8.767,27.721],"ix":2},"a":{"a":0,"k":[0,0],"ix":1},"s":{"a":0,"k":[100,100],"ix":3},"r":{"a":0,"k":0,"ix":6},"o":{"a":0,"k":100,"ix":7},"sk":{"a":0,"k":0,"ix":4},"sa":{"a":0,"k":0,"ix":5},"nm":"Transform"}],"nm":"Group 16","np":2,"cix":2,"bm":0,"ix":1,"mn":"ADBE Vector Group","hd":false},{"ty":"gr","it":[{"ind":0,"ty":"sh","ix":1,"ks":{"a":0,"k":{"i":[[0.276,0],[0,4.687],[-1.053,1.456],[-0.223,-0.162],[0.162,-0.223],[0,-1.59],[-4.136,0],[0,-0.276]],"o":[[-4.687,0],[0,-1.802],[0.162,-0.224],[0.224,0.162],[-0.929,1.284],[0,4.136],[0.276,0],[0,0.276]],"v":[[4,6.876],[-4.5,-1.624],[-2.89,-6.602],[-2.192,-6.714],[-2.08,-6.016],[-3.5,-1.624],[4,5.876],[4.5,6.376]],"c":true},"ix":2},"nm":"Path 1","mn":"ADBE Vector Shape - Group","hd":false},{"ty":"fl","c":{"a":0,"k":[0.008000000785,0.46699999641,0.741000007181,1],"ix":4,"x":"var $bm_rt;\n$bm_rt = thisComp.layer('Color Control').effect('Color Control 1')('ADBE Color Control-0001');"},"o":{"a":0,"k":100,"ix":5},"r":1,"bm":0,"nm":"Fill 1","mn":"ADBE Vector Graphic - Fill","hd":false},{"ty":"tr","p":{"a":0,"k":[8.75,27.374],"ix":2},"a":{"a":0,"k":[0,0],"ix":1},"s":{"a":0,"k":[100,100],"ix":3},"r":{"a":0,"k":0,"ix":6},"o":{"a":0,"k":100,"ix":7},"sk":{"a":0,"k":0,"ix":4},"sa":{"a":0,"k":0,"ix":5},"nm":"Transform"}],"nm":"Group 17","np":2,"cix":2,"bm":0,"ix":2,"mn":"ADBE Vector Group","hd":false},{"ty":"gr","it":[{"ind":0,"ty":"sh","ix":1,"ks":{"a":0,"k":{"i":[[0,-4.418],[4.418,0],[0,4.418],[-4.418,0]],"o":[[0,4.418],[-4.418,0],[0,-4.418],[4.418,0]],"v":[[8,0],[0,8],[-8,0],[0,-8]],"c":true},"ix":2},"nm":"Path 1","mn":"ADBE Vector Shape - Group","hd":false},{"ty":"fl","c":{"a":0,"k":[0.39199999641,1,0.855000035903,1],"ix":4,"x":"var $bm_rt;\n$bm_rt = thisComp.layer('Color Control').effect('Color Control 2')('ADBE Color Control-0001');"},"o":{"a":0,"k":100,"ix":5},"r":1,"bm":0,"nm":"Fill 1","mn":"ADBE Vector Graphic - Fill","hd":false},{"ty":"tr","p":{"a":0,"k":[12.75,25.75],"ix":2},"a":{"a":0,"k":[0,0],"ix":1},"s":{"a":0,"k":[100,100],"ix":3},"r":{"a":0,"k":0,"ix":6},"o":{"a":0,"k":100,"ix":7},"sk":{"a":0,"k":0,"ix":4},"sa":{"a":0,"k":0,"ix":5},"nm":"Transform"}],"nm":"Group 18","np":2,"cix":2,"bm":0,"ix":3,"mn":"ADBE Vector Group","hd":false},{"ty":"gr","it":[{"ind":0,"ty":"sh","ix":1,"ks":{"a":0,"k":{"i":[[1.488,0],[0,6.342],[-2.827,2.196],[-0.168,-0.219],[0.218,-0.17],[0,-3.266],[-5.79,0],[-1.248,0.504],[-0.104,-0.257],[0.256,-0.104]],"o":[[-6.341,0],[0,-3.576],[0.218,-0.171],[0.17,0.217],[-2.582,2.006],[0,5.789],[1.359,0],[0.255,-0.101],[0.103,0.255],[-1.367,0.553]],"v":[[3.409,10.378],[-8.091,-1.123],[-3.643,-10.207],[-2.942,-10.118],[-3.029,-9.418],[-7.091,-1.123],[3.409,9.378],[7.337,8.618],[7.988,8.896],[7.711,9.546]],"c":true},"ix":2},"nm":"Path 1","mn":"ADBE Vector Shape - Group","hd":false},{"ty":"fl","c":{"a":0,"k":[1,0.972999961703,0.882000014361,1],"ix":4,"x":"var $bm_rt;\n$bm_rt = thisComp.layer('Color Control').effect('Color Control 6')('ADBE Color Control-0001');"},"o":{"a":0,"k":100,"ix":5},"r":1,"bm":0,"nm":"Fill 1","mn":"ADBE Vector Graphic - Fill","hd":false},{"ty":"tr","p":{"a":0,"k":[9.341,26.873],"ix":2},"a":{"a":0,"k":[0,0],"ix":1},"s":{"a":0,"k":[100,100],"ix":3},"r":{"a":0,"k":0,"ix":6},"o":{"a":0,"k":100,"ix":7},"sk":{"a":0,"k":0,"ix":4},"sa":{"a":0,"k":0,"ix":5},"nm":"Transform"}],"nm":"Group 19","np":2,"cix":2,"bm":0,"ix":4,"mn":"ADBE Vector Group","hd":false},{"ty":"gr","it":[{"ind":0,"ty":"sh","ix":1,"ks":{"a":0,"k":{"i":[[1.849,0],[0,6.893],[-3.592,2.316],[-0.15,-0.233],[0.232,-0.15],[0,-3.928],[-6.341,0],[-1.529,0.715],[-0.116,-0.25],[0.25,-0.117]],"o":[[-6.893,0],[0,-4.269],[0.233,-0.149],[0.149,0.232],[-3.305,2.131],[0,6.342],[1.701,0],[0.251,-0.116],[0.117,0.25],[-1.663,0.777]],"v":[[3.425,11.582],[-9.075,-0.918],[-3.338,-11.433],[-2.646,-11.283],[-2.796,-10.592],[-8.075,-0.918],[3.425,10.582],[8.293,9.504],[8.958,9.745],[8.717,10.41]],"c":true},"ix":2},"nm":"Path 1","mn":"ADBE Vector Shape - Group","hd":false},{"ty":"fl","c":{"a":0,"k":[0.008000000785,0.46699999641,0.741000007181,1],"ix":4,"x":"var $bm_rt;\n$bm_rt = thisComp.layer('Color Control').effect('Color Control 1')('ADBE Color Control-0001');"},"o":{"a":0,"k":100,"ix":5},"r":1,"bm":0,"nm":"Fill 1","mn":"ADBE Vector Graphic - Fill","hd":false},{"ty":"tr","p":{"a":0,"k":[9.325,26.668],"ix":2},"a":{"a":0,"k":[0,0],"ix":1},"s":{"a":0,"k":[100,100],"ix":3},"r":{"a":0,"k":0,"ix":6},"o":{"a":0,"k":100,"ix":7},"sk":{"a":0,"k":0,"ix":4},"sa":{"a":0,"k":0,"ix":5},"nm":"Transform"}],"nm":"Group 20","np":2,"cix":2,"bm":0,"ix":5,"mn":"ADBE Vector Group","hd":false},{"ty":"gr","it":[{"ind":0,"ty":"sh","ix":1,"ks":{"a":0,"k":{"i":[[0,-6.627],[6.627,0],[0,6.627],[-6.627,0]],"o":[[0,6.627],[-6.627,0],[0,-6.627],[6.627,0]],"v":[[12,0],[0,12],[-12,0],[0,-12]],"c":true},"ix":2},"nm":"Path 1","mn":"ADBE Vector Shape - Group","hd":false},{"ty":"fl","c":{"a":0,"k":[1,0.898000021542,0.497999991623,1],"ix":4,"x":"var $bm_rt;\n$bm_rt = thisComp.layer('Color Control').effect('Color Control 3')('ADBE Color Control-0001');"},"o":{"a":0,"k":100,"ix":5},"r":1,"bm":0,"nm":"Fill 1","mn":"ADBE Vector Graphic - Fill","hd":false},{"ty":"tr","p":{"a":0,"k":[12.75,25.75],"ix":2},"a":{"a":0,"k":[0,0],"ix":1},"s":{"a":0,"k":[100,100],"ix":3},"r":{"a":0,"k":0,"ix":6},"o":{"a":0,"k":100,"ix":7},"sk":{"a":0,"k":0,"ix":4},"sa":{"a":0,"k":0,"ix":5},"nm":"Transform"}],"nm":"Group 21","np":2,"cix":2,"bm":0,"ix":6,"mn":"ADBE Vector Group","hd":false}],"ip":0,"op":150,"st":0,"bm":0}],"markers":[]}